{
  "distance_miles": [
    0.0,
    0.008457351050372517,
    0.01677482214854754,
    0.023279488189511557,
    0.03286109699619472,
    0.04064914586363612,
    0.04790863240833858,
    0.053173174003108656,
    0.06108691526676968,
    0.06828745962616542,
    0.0760687544153251,
    0.08420040323322774,
    0.09261653053187643,
    0.1012465136132642,
    0.10980746325571149,
    0.1167397691751199,
    0.12530964990122415,
    0.1352018610045299,
    0.14396457042624694,
    0.15222958431306785,
    0.16032370552005923,
    0.16681114545019363,
    0.17632775628393027,
    0.1848797939854587,
    0.19349634884651948,
    0.20239275078301805,
    0.2116394108294188,
    0.22098631737497104,
    0.23050370283565266,
    0.24030743071176028,
    0.25020222657385915,
    0.2602179043817743,
    0.27037807654116913,
    0.2805096494599405,
    0.2906277626665848,
    0.3005986336269134,
    0.31058158867950475,
    0.32045906186169165,
    0.32813418104093695,
    0.3394091179178872,
    0.348550269876321,
    0.3574516285185332,
    0.36606828511109274,
    0.3743529063648702,
    0.3823093183482011,
    0.38986275096769213,
    0.3970757922921254,
    0.4037901800864707,
    0.4099867627956437,
    0.416369454641848,
    0.4231425050889362,
    0.43057084594966816,
    0.43861302754390263,
    0.44681030619396733,
    0.45504702754772414,
    0.4632532917268351,
    0.4713701504138288,
    0.47910976091713237,
    0.4862948433600638,
    0.4931601871075269,
    0.49982287390269137,
    0.5064072949537353,
    0.5132700689121967,
    0.5205571990611413,
    0.5286263310675814,
    0.5369460885317647,
    0.5454325511586013,
    0.5541084725900087,
    0.5630590186555621,
    0.5719399890189023,
    0.5810187888819929,
    0.5902349672947275,
    0.599241790059328,
    0.6084626579092032,
    0.6174672674091133,
    0.6265811401801356,
    0.6356628116808307,
    0.6446222511321285,
    0.6535239437612423,
    0.6624382677731712,
    0.6699535638633646
  ],
  "elevation_feet": [
    236.58095238095223,
    236.59999999999988,
    236.62857142857135,
    236.66666666666688,
    236.69523809523832,
    236.75238095238117,
    236.94285714285738,
    237.24761904761925,
    237.6952380952383,
    238.1904761904764,
    238.63809523809545,
    239.009523809524,
    239.34285714285738,
    239.62857142857166,
    239.80952380952402,
    239.93333333333354,
    240.0666666666669,
    240.22857142857166,
    240.3904761904764,
    240.54285714285734,
    240.60952380952403,
    240.61904761904782,
    240.60000000000022,
    240.60000000000022,
    240.60000000000022,
    240.61904761904782,
    240.60952380952403,
    240.52380952380975,
    240.4000000000002,
    240.29523809523832,
    240.1809523809526,
    240.13333333333355,
    240.0952380952383,
    239.96190476190498,
    239.71428571428595,
    239.41904761904783,
    239.13333333333355,
    238.7809523809526,
    238.3714285714288,
    237.95238095238116,
    237.4857142857145,
    237.08571428571452,
    236.82857142857162,
    236.61904761904785,
    236.42857142857167,
    236.32380952380976,
    236.26666666666688,
    236.20000000000022,
    236.1142857142859,
    236.06666666666686,
    236.02857142857164,
    235.9714285714288,
    235.93333333333356,
    235.8666666666669,
    235.80952380952402,
    235.7809523809526,
    235.80000000000024,
    235.80000000000024,
    235.80000000000024,
    235.80000000000024,
    235.80000000000024,
    235.80000000000024,
    235.80000000000024,
    235.80000000000024,
    235.7809523809526,
    235.80952380952402,
    235.84761904761928,
    235.94285714285735,
    236.05714285714305,
    236.15238095238115,
    236.17142857142878,
    236.22857142857166,
    236.26666666666688,
    236.31428571428594,
    236.4000000000002,
    236.48571428571452,
    236.53333333333356,
    236.5904761904764,
    236.61428571428578,
    236.6142857142858,
    236.59047619047632
  ]
}