{
  "distance_miles": [
    0.0,
    0.008500635711880882,
    0.017260957771259727,
    0.025673262680798004,
    0.03386876219577147,
    0.042506413510514665,
    0.05062019392844452,
    0.0591159489008863,
    0.06803664107502708,
    0.07661767290435262,
    0.08556337938645621,
    0.09259490032791343,
    0.10012416509064462,
    0.10806295419865102,
    0.11636049744253324,
    0.12439495608882697,
    0.13191742458841768,
    0.1397863466096006,
    0.14812491232869265,
    0.15646348100795562,
    0.164913558958514,
    0.1734615410677105,
    0.18160640706117825,
    0.19006421455550296,
    0.19909400555390436,
    0.2079847188342739,
    0.21758836251462438,
    0.22732256311521626,
    0.23680509603630268,
    0.24624361664594607,
    0.2557261339346557,
    0.26485316940671555,
    0.2740254137810182,
    0.283613591352436,
    0.29300710357747406,
    0.30265559887958204,
    0.3119350385712372,
    0.3216829409484342,
    0.33107447406473,
    0.34006599679829774,
    0.34888655228428345,
    0.3577388349682489,
    0.3661032329832583,
    0.3750012697990233,
    0.38357440376977764,
    0.39202153698719,
    0.4007384853356699,
    0.4091114192628656,
    0.416688812505965,
    0.42418354752797577,
    0.43162840679054887,
    0.43940722831405943,
    0.4474999507800261,
    0.45550738184519884,
    0.463374281455528,
    0.4712530868241221,
    0.47893723778429576,
    0.4866535097875122,
    0.4945424344333212,
    0.5019719409588593,
    0.5091789467958961,
    0.516828878794149,
    0.5239658194371647,
    0.5309235738604233,
    0.5383651348680532,
    0.546110380976974,
    0.553894385217751,
    0.5613727699292494,
    0.5691423991356261,
    0.5762627128624178,
    0.584436144684936,
    0.5928030277597537,
    0.6014110330444354,
    0.6098865587687502,
    0.6182495273992594,
    0.6269019856174007,
    0.6354478064329231,
    0.643649287443969,
    0.651952557962994,
    0.6600069762588779,
    0.6676157517513248,
    0.6717440043536773
  ],
  "elevation_feet": [
    230.21428571428564,
    230.75714285714278,
    231.22857142857137,
    231.62857142857166,
    231.94285714285735,
    232.209523809524,
    232.4000000000002,
    232.60952380952403,
    232.8857142857145,
    233.14285714285734,
    233.33333333333357,
    233.42857142857164,
    233.40000000000023,
    233.40952380952405,
    233.46666666666687,
    233.53333333333356,
    233.5904761904764,
    233.61904761904782,
    233.61904761904782,
    233.5904761904764,
    233.57142857142878,
    233.46666666666687,
    233.2857142857145,
    233.0761904761907,
    232.81904761904784,
    232.53333333333353,
    232.25714285714307,
    231.94285714285735,
    231.66666666666688,
    231.41904761904783,
    231.12380952380974,
    230.80952380952402,
    230.41904761904783,
    230.00000000000023,
    229.61904761904785,
    229.19047619047637,
    228.7142857142859,
    228.23809523809547,
    227.85714285714306,
    227.62857142857163,
    227.57142857142875,
    227.60000000000016,
    227.59047619047638,
    227.53333333333353,
    227.46666666666687,
    227.40952380952402,
    227.4000000000002,
    227.3904761904764,
    227.35238095238117,
    227.27619047619066,
    227.13333333333355,
    226.9809523809526,
    226.8761904761907,
    226.7714285714288,
    226.7714285714288,
    226.85714285714306,
    226.9714285714288,
    227.19047619047637,
    227.46666666666687,
    227.75238095238115,
    228.00000000000023,
    228.16190476190496,
    228.209523809524,
    228.2190476190478,
    228.2190476190478,
    228.209523809524,
    228.1238095238097,
    228.00000000000023,
    227.85714285714306,
    227.76190476190496,
    227.82857142857165,
    228.0666666666669,
    228.3809523809526,
    228.7047619047621,
    229.0000000000002,
    229.27619047619066,
    229.60952380952403,
    229.99047619047641,
    230.41904761904783,
    230.557142857143,
    230.5428571428573,
    230.37619047619063
  ]
}