{
  "distance_miles": [
    0.0,
    0.00679824922403424,
    0.013685459935920205,
    0.020622720946587483,
    0.02768955521982707,
    0.034625794481984384,
    0.04158475066422637,
    0.04837874375254199,
    0.05513488297670106,
    0.06180329666976475,
    0.0684816827964227,
    0.07526842508784373,
    0.08227789661911822,
    0.08925885603353528,
    0.09623743417257345,
    0.10322519255518614,
    0.11009689903831872,
    0.11701462723627304,
    0.12401765959515669,
    0.13086090064228606,
    0.13778377725381732,
    0.14464303480860088,
    0.15151474321580485,
    0.15851109770979455,
    0.16532095062467728,
    0.17236015034583074,
    0.17922767927967242,
    0.18580305642001355,
    0.19251141340544992,
    0.1989790103576132,
    0.20562005115564796,
    0.21259979710154348,
    0.2194092283949767,
    0.2264391415936172,
    0.23320476484169134,
    0.23988948181371608,
    0.24665185815782706,
    0.2535518788307261,
    0.26065076743635907,
    0.26775726773076164,
    0.27489531667911693,
    0.28216629920104436,
    0.2893197894363548,
    0.29657020239075793,
    0.30392641704686496,
    0.31126478624487397,
    0.3185804311100848,
    0.3258751718006526,
    0.33320100903220634,
    0.3405154709320628,
    0.347640812006959,
    0.35497751411887,
    0.36224074133482653,
    0.36951154789221713,
    0.3767048008416135,
    0.3839530339997705,
    0.39104730599790966,
    0.39835816524453055,
    0.4054873018114936,
    0.41264026473370247,
    0.41976364951544115,
    0.4270029485131695,
    0.4342843775871639,
    0.44164269862948424,
    0.44917872625312216,
    0.4571080459167383,
    0.4655505212201228,
    0.474562555117612,
    0.4838167353764814,
    0.4934881599522494,
    0.5033708065532245,
    0.5133526721393479,
    0.5233015565158763,
    0.5332658884389107,
    0.5430472540039857,
    0.5526889895429234,
    0.5620319405478406,
    0.5711645673424586,
    0.5800693691567238,
    0.5882557855977911,
    0.5961713680533193,
    0.6041263661666116,
    0.6119120382082339,
    0.6197191066410488,
    0.6273258781715455,
    0.6347289443805355,
    0.6417236359473801,
    0.6487669767315273,
    0.6553718689988248,
    0.6617328284921404,
    0.6678444016450507,
    0.6740700363508668,
    0.6802470972567014,
    0.6861586033905034,
    0.6920418369558271,
    0.6978290407932431,
    0.703651337129543,
    0.7068513968234893
  ],
  "elevation_feet": [
    114.99523809523802,
    115.1428571428571,
    115.29999999999998,
    115.46666666666677,
    115.66666666666677,
    115.86666666666679,
    115.95238095238106,
    115.98095238095249,
    116.07619047619058,
    116.20952380952392,
    116.3904761904763,
    116.54285714285726,
    116.6095238095239,
    116.61904761904772,
    116.60000000000011,
    116.60000000000011,
    116.60000000000011,
    116.60000000000011,
    116.61904761904772,
    116.5904761904763,
    116.55238095238106,
    116.45714285714297,
    116.36190476190488,
    116.25714285714298,
    116.13333333333344,
    116.01904761904773,
    115.89523809523821,
    115.65714285714296,
    115.3904761904763,
    115.09523809523819,
    114.7904761904763,
    114.58095238095247,
    114.3809523809525,
    114.20952380952392,
    114.06666666666678,
    113.93333333333344,
    113.77142857142866,
    113.62857142857152,
    113.44761904761916,
    113.34285714285726,
    113.23809523809534,
    113.14285714285725,
    113.04761904761915,
    112.99047619047629,
    112.99047619047629,
    113.04761904761915,
    113.14285714285725,
    113.25714285714295,
    113.33333333333344,
    113.40000000000012,
    113.4857142857144,
    113.51428571428582,
    113.6000000000001,
    113.68571428571438,
    113.71428571428581,
    113.8000000000001,
    113.88571428571439,
    113.93333333333344,
    113.9904761904763,
    114.01904761904773,
    113.98095238095249,
    113.9904761904763,
    114.07619047619059,
    114.20000000000012,
    114.34285714285727,
    114.40000000000012,
    114.37142857142868,
    114.31428571428583,
    114.15238095238107,
    113.90476190476201,
    113.53333333333345,
    112.92380952380964,
    112.14285714285725,
    111.20952380952392,
    110.18095238095249,
    109.34285714285724,
    108.61904761904773,
    107.98095238095247,
    107.4952380952382,
    107.13333333333344,
    106.90476190476201,
    106.92380952380962,
    107.06666666666678,
    107.43809523809534,
    108.09523809523819,
    108.87619047619057,
    109.71428571428581,
    110.57142857142867,
    111.33333333333344,
    112.14285714285725,
    112.88571428571439,
    113.4857142857144,
    114.07619047619058,
    114.65714285714294,
    115.22857142857153,
    115.44285714285718,
    115.45714285714293,
    115.27142857142869
  ]
}