{
  "distance_miles": [
    0.0,
    0.007933724826468293,
    0.0161101946242714,
    0.024321614951086923,
    0.032513269622746234,
    0.04048118956066092,
    0.04854397543848442,
    0.05656511088284881,
    0.0645345054560086,
    0.07234645136692415,
    0.0800928578143457,
    0.08783293166540336,
    0.09523898628259525,
    0.10276963597164501,
    0.11025814633165959,
    0.11783837271623439,
    0.12525820830635337,
    0.13288408637274632,
    0.14064735504846554,
    0.14827323317031324,
    0.15569306884279946,
    0.1629018184164527,
    0.17003400177839723,
    0.17711300011062442,
    0.18361287076259777,
    0.19029596752635383,
    0.19698233390660108,
    0.20403345710308904,
    0.21145713896940171,
    0.2188808229080675,
    0.22602383588487424,
    0.2330640414011194,
    0.23997193578167864,
    0.2474446754500442,
    0.2550723447568159,
    0.2632309780583104,
    0.27173571363648313,
    0.27997896540767253,
    0.28845425793966806,
    0.2966708819422975,
    0.3042918482494369,
    0.3117420237972728,
    0.3188453322396421,
    0.3259545952125637,
    0.3327124200975531,
    0.339290570432071,
    0.3460605207179169,
    0.3525543539721187,
    0.35925285532137063,
    0.3660196112530581,
    0.37282167624593476,
    0.38014223680929965,
    0.38732622044010795,
    0.39473883201219917,
    0.4022961451443254,
    0.40999826811611834,
    0.4176071912740489,
    0.4250284350896376,
    0.4321870924900075,
    0.43937884653715614,
    0.446963687356801,
    0.45452982848773504,
    0.4619262532125865,
    0.4694669677233866,
    0.47722851639695085,
    0.48505817565044484,
    0.492906305264341,
    0.5008491136891093,
    0.5087553461708414,
    0.516698154807803,
    0.5247674271034158,
    0.5327333545493624,
    0.5409204477837228,
    0.5493203682117787,
    0.5577821501888913,
    0.5658957738198952,
    0.5737585941703953,
    0.5812861795258294,
    0.5885803589394957,
    0.5959040374722012,
    0.6032386597131557,
    0.6107975473467135,
    0.6183455323667073,
    0.6257938549026765,
    0.633391245236776,
    0.6408312065687249,
    0.6484285883633513,
    0.6560955625767293,
    0.663654711510166,
    0.6711508846427916,
    0.678758037745576,
    0.6864168087357522,
    0.6941312418568655,
    0.7057428470024345
  ],
  "elevation_feet": [
    186.12857142857135,
    186.08571428571423,
    186.04285714285712,
    186.00000000000017,
    185.99047619047636,
    185.9333333333335,
    185.86666666666684,
    185.80952380952397,
    185.78095238095256,
    185.80000000000018,
    185.78095238095256,
    185.79047619047634,
    185.87619047619066,
    185.96190476190492,
    186.1428571428573,
    186.3428571428573,
    186.4666666666668,
    186.59047619047635,
    186.70476190476205,
    186.7142857142859,
    186.80000000000018,
    186.88571428571447,
    186.91428571428588,
    187.00000000000017,
    187.0476190476192,
    187.09523809523824,
    187.3523809523811,
    187.68571428571443,
    187.9428571428573,
    188.2285714285716,
    188.37142857142874,
    188.47619047619062,
    188.60952380952398,
    188.77142857142871,
    188.9333333333335,
    189.1333333333335,
    189.30476190476207,
    189.5047619047621,
    189.61904761904782,
    189.7047619047621,
    189.8190476190478,
    189.88571428571447,
    189.89523809523826,
    190.009523809524,
    190.1333333333335,
    190.27619047619066,
    190.44761904761924,
    190.57142857142873,
    190.60952380952398,
    190.60952380952398,
    190.5333333333335,
    190.46666666666684,
    190.42857142857162,
    190.409523809524,
    190.33333333333354,
    190.1238095238097,
    189.87619047619063,
    189.68571428571445,
    189.56190476190494,
    189.51428571428588,
    189.48571428571447,
    189.40000000000018,
    189.31428571428592,
    189.26666666666682,
    189.20952380952397,
    189.18095238095253,
    189.2380952380954,
    189.18095238095253,
    189.08571428571446,
    188.9428571428573,
    188.7428571428573,
    188.56190476190494,
    188.5142857142859,
    188.42857142857162,
    188.27619047619066,
    187.94285714285732,
    187.41904761904777,
    186.84761904761922,
    186.4380952380954,
    186.2285714285716,
    186.19047619047637,
    186.17142857142875,
    186.1333333333335,
    186.08571428571446,
    186.00000000000017,
    185.91428571428588,
    185.86666666666684,
    185.80952380952397,
    185.78095238095256,
    185.8190476190478,
    185.73333333333352,
    185.7857142857143,
    185.88571428571433,
    186.03333333333342
  ]
}