{
  "distance_miles": [
    0.0,
    0.007044416047897993,
    0.015882644905342382,
    0.02624273435460296,
    0.035084284345698595,
    0.04420192008939912,
    0.05304056493280328,
    0.06002068246385024,
    0.06967181601928697,
    0.07835858082598153,
    0.0877274081913481,
    0.09286822962153352,
    0.10105433544763673,
    0.11119923011092281,
    0.11797822747131313,
    0.12761509739629803,
    0.1343311675714797,
    0.14351044495583987,
    0.14996853167377505,
    0.15515236366401167,
    0.16178893296767405,
    0.1696102554839557,
    0.17950830997960823,
    0.1920532014075879,
    0.2020169013008305,
    0.2120090405416207,
    0.2219111165814899,
    0.23141243629535221,
    0.24134071932195195,
    0.2509107849535178,
    0.26059274368159524,
    0.27213227719776556,
    0.2796610622746245,
    0.2889889117165129,
    0.29824459019074157,
    0.3072964451130358,
    0.3163526230020629,
    0.32724756577078923,
    0.3341617373013891,
    0.3442037024602933,
    0.35261264823322064,
    0.35909549556352377,
    0.36780769063563107,
    0.3739290033263809,
    0.3788116838439685,
    0.3830326473623401,
    0.38609441025207514,
    0.3902207667623569,
    0.3936469848679361,
    0.3971844272543575,
    0.40154144742617703,
    0.40584641596352355,
    0.4130690592240979,
    0.4187081663394058,
    0.42465848172522186,
    0.4306577267379362,
    0.4363817218525604,
    0.441805678847711,
    0.4473988668459021,
    0.4524682746404307,
    0.45613200827307987,
    0.459953266753566,
    0.4651075997048166,
    0.4700878737983825,
    0.4767349506081951,
    0.48152209019575154,
    0.48806354502381144,
    0.4927502021347359,
    0.49993403794273256,
    0.504916506906243,
    0.5119531811495563,
    0.517624876303708,
    0.5239424252492041,
    0.5312616338020105,
    0.5392766469219753,
    0.5459771820047591,
    0.5540581692703196,
    0.5617417357542757,
    0.5698209067505486,
    0.578384090941541,
    0.5868115238116551,
    0.5953114292860222,
    0.6041517327206279,
    0.6129209142129151,
    0.6236237457194742,
    0.6363381239079834
  ],
  "elevation_feet": [
    186.61904761904748,
    186.59999999999994,
    186.57142857142856,
    186.53333333333353,
    186.46666666666687,
    186.409523809524,
    186.40000000000018,
    186.39047619047636,
    186.3333333333335,
    186.26666666666682,
    186.2285714285716,
    186.17142857142875,
    186.1333333333335,
    186.08571428571446,
    186.00000000000017,
    185.91428571428588,
    185.88571428571447,
    185.80000000000018,
    185.75238095238112,
    185.66666666666683,
    185.50476190476206,
    185.28571428571445,
    185.0190476190478,
    184.49523809523825,
    183.9047619047621,
    183.21904761904779,
    182.49523809523828,
    181.96190476190492,
    181.59047619047635,
    181.2285714285716,
    181.009523809524,
    180.88571428571447,
    180.77142857142874,
    180.78095238095256,
    180.80000000000018,
    180.80000000000018,
    180.80000000000018,
    180.78095238095256,
    180.79047619047637,
    180.87619047619066,
    180.98095238095254,
    181.1333333333335,
    181.25714285714304,
    181.38095238095255,
    181.409523809524,
    181.50476190476206,
    181.57142857142873,
    181.70476190476208,
    181.80952380952397,
    181.9428571428573,
    182.05714285714302,
    182.29523809523823,
    182.50476190476206,
    182.7428571428573,
    182.89523809523826,
    182.97142857142876,
    182.96190476190492,
    182.94285714285732,
    182.9238095238097,
    183.01904761904777,
    183.1333333333335,
    183.30476190476207,
    183.57142857142875,
    183.86666666666684,
    184.17142857142875,
    184.46666666666684,
    184.60952380952398,
    184.78095238095256,
    185.14285714285728,
    185.5142857142859,
    185.96190476190492,
    186.27619047619064,
    186.43809523809543,
    186.5333333333335,
    186.58095238095257,
    186.57142857142873,
    186.61904761904776,
    186.58095238095257,
    186.60952380952398,
    186.66666666666686,
    186.73333333333352,
    186.7904761904764,
    186.83809523809543,
    186.81428571428572,
    186.7428571428572,
    186.6238095238096
  ]
}