{
  "distance_miles": [
    0.0,
    0.00803269954414215,
    0.015777683132835577,
    0.02363739819805695,
    0.031386980549931914,
    0.03897083666757777,
    0.04616300060839416,
    0.05328863858295127,
    0.060691993500298844,
    0.06809759367255469,
    0.07550607960015214,
    0.08284917750641714,
    0.08991384646698633,
    0.09714746491082356,
    0.10449185746707824,
    0.11166417735921857,
    0.11861425031900129,
    0.1255561162463062,
    0.13244337661224956,
    0.13932891213492918,
    0.14627077773620836,
    0.1532700084956818,
    0.160154508986301,
    0.16693269529723367,
    0.17312967597662993,
    0.17919254304125548,
    0.18542518011925055,
    0.1908939496583472,
    0.19683701615258484,
    0.20359472407164553,
    0.2112076729602052,
    0.21930101883988234,
    0.22780191711768016,
    0.23635931790614778,
    0.24483952574704923,
    0.2534350248225806,
    0.26199034267639576,
    0.2705505595082681,
    0.27910559313947864,
    0.2875592295134607,
    0.29616400837742035,
    0.3048509025707074,
    0.3134962080560957,
    0.32218329617382935,
    0.3310335642308586,
    0.3398380206751661,
    0.34831568740732594,
    0.3573571273328958,
    0.3661629138956674,
    0.37533489915287427,
    0.3840983229464213,
    0.3949152870788327,
    0.4023811627895241,
    0.4118772968083245,
    0.4212920579671835,
    0.4307581294724296,
    0.43999473277429524,
    0.4492321073696178,
    0.4583057760946034,
    0.46739121651758236,
    0.47661778324439236,
    0.48557409969278326,
    0.4945254304265481,
    0.5034611901499035,
    0.5125745600911695,
    0.5214883092075361,
    0.5302724936340805,
    0.5389617501324773,
    0.5471970132000245,
    0.5558436465721437,
    0.5638213382035526,
    0.5729171215679987,
    0.5821169244527331,
    0.5896460750236066,
    0.6005150886835722,
    0.6095431906727932,
    0.6186334929691575,
    0.627678157357281,
    0.6349847231302952,
    0.6441272973919068,
    0.6528882892454615
  ],
  "elevation_feet": [
    418.22857142857123,
    418.3571428571427,
    418.5285714285713,
    418.74285714285753,
    419.0285714285718,
    419.29523809523846,
    419.5238095238099,
    419.69523809523855,
    419.87619047619086,
    420.1142857142861,
    420.39047619047653,
    420.61904761904805,
    420.80000000000035,
    420.9809523809528,
    421.20952380952417,
    421.46666666666704,
    421.7142857142861,
    422.00000000000034,
    422.2857142857147,
    422.53333333333376,
    422.771428571429,
    423.0285714285718,
    423.2476190476195,
    423.54285714285754,
    423.85714285714323,
    424.15238095238135,
    424.39047619047653,
    424.61904761904805,
    424.819047619048,
    425.00952380952424,
    425.12380952380994,
    425.21904761904796,
    425.2857142857147,
    425.3333333333337,
    425.3904761904766,
    425.419047619048,
    425.4000000000004,
    425.4000000000004,
    425.4000000000004,
    425.419047619048,
    425.4095238095242,
    425.32380952380987,
    425.21904761904796,
    425.08571428571474,
    424.93333333333374,
    424.77142857142894,
    424.62857142857183,
    424.48571428571466,
    424.32380952380987,
    424.1238095238099,
    423.8857142857147,
    423.5904761904766,
    423.40952380952416,
    423.2761904761909,
    423.0571428571433,
    422.80952380952414,
    422.5047619047623,
    422.1142857142861,
    421.80000000000035,
    421.46666666666704,
    421.12380952380994,
    420.866666666667,
    420.6380952380956,
    420.3142857142861,
    419.9238095238099,
    419.4761904761909,
    419.04761904761943,
    418.8000000000004,
    418.6571428571433,
    418.43809523809557,
    418.2000000000004,
    417.9428571428575,
    417.7142857142861,
    417.62857142857183,
    417.6095238095242,
    417.5809523809528,
    417.60000000000036,
    417.54285714285754,
    417.6428571428575,
    417.81428571428614,
    418.0571428571434
  ]
}